steplength,euler1,euler2,heun1,heun2
0.5,0.4211841737516414,0.4211841737516414,13.898052418978153,14.06232025683895
0.25,197.723466709846,513.7927940776342,18.098085624432596,18.015541487274373
0.125,120.9725104910133,191.74430670981843,5.592932249128091,5.570913124360444
0.0625,84.6140176455516,90.20697109755207,1.431875342118559,1.4282095972367266
0.03125,54.04753221969218,54.37243071179283,0.3591328746325572,0.3579875087879995
0.015625,38.92348052184204,39.135490642700624,0.0898260081759242,0.08952612691348509
0.0078125,29.926022452201458,30.093036456717865,0.022458662866122765,0.02238134961045489
0.00390625,21.933766067473083,22.07127080595174,0.005614835325139018,0.005595180830375101
0.001953125,14.339121755351952,14.440463426487897,0.0014037250424195965,0.0013987692610757903
