steplength,euler1,euler2,heun1,heun2
0.1,0.31315813588002395,0.3144514521863925,0.03695681789426578,0.036830891285239246
0.05,0.30839339553600287,0.3096870975040327,0.009203933680714312,0.009174149127593916
0.025,0.2986363377436916,0.2999444642265059,0.0022999703963204384,0.002292301827059565
0.0125,0.2790302702323198,0.280352766229083,0.0005749735618413243,0.000572998732840214
0.00625,0.24110208184585302,0.242409239410445,0.00014374315589847923,0.0001432409248403307
0.003125,0.18189014299599274,0.1830485591974328,3.5935778683329785e-05,3.580904930475343e-05
0.0015625,0.11816778295592818,0.11901868309172522,8.983938977301993e-06,8.952103202913107e-06
0.00078125,0.06855076567953133,0.0690819422803655,2.2459835921622737e-06,2.238005138125628e-06
