steplength,euler1,euler2,heun1,heun2
0.05,0.14821680309947435,3.1169352505812395,0.058860522078342636,0.10621426180216176
0.025,0.31313722962555274,3.3052995395519082,0.01472196599052189,0.026201558768385258
0.0125,0.3374150526885048,2.900280682092915,0.0036786243690172804,0.006499265564451573
0.00625,0.24912259903921768,2.0402425625212746,0.0009192239174778405,0.0016179308063017928
0.003125,0.15021194126194548,1.2275679716540084,0.0002297386109721411,0.000403589487595557
0.0015625,0.08213915886427092,0.6754878789102685,5.742536815506183e-05,0.00010078363826959702
0.00078125,0.0428884935068613,0.35457674455368293,1.435512659236915e-05,2.5181561224663085e-05
0.000390625,0.02190486509823253,0.181684402896098,3.5886261846029832e-06,6.2935883726744635e-06
