steplength,euler1,euler2,heun1,heun2
0.1,281.16810707620976,554.6996068265337,3.863050656006358,6.94930235642817
0.05,188.35167888731226,381.5248416174603,0.4169197104464747,0.8020051814524268
0.025,78.18963757291559,159.69056026630662,0.04705272561233709,0.10068394032898431
0.0125,20.177498144766222,58.339578973529186,0.008300565171524499,0.010811014395055274
0.00625,2.989421179518562,12.495856265042658,0.0013991227249911323,0.002306855640717087
0.003125,0.39979559048022595,2.590742843586057,0.00018297747521486482,0.00032586466445150286
0.0015625,0.053955184973595555,0.5682542439785085,2.286878630879119e-05,4.2197675897304165e-05
0.00078125,0.00769333036989317,0.13152247172251985,2.842290838578343e-06,5.336966768743068e-06
