steplength,euler1,euler2,heun1,heun2
0.05,5.100911158974824,2.1751851993409206,0.2690006747581437,0.21438044241998933
0.025,5.482805697228026,2.4835714203280377,0.06567191492746272,0.05296108138471345
0.0125,5.6746957788961705,2.6419435076819835,0.0161862993659172,0.01314022133238435
0.00625,5.608914959389461,2.6605664340296316,0.004015130143536716,0.0032709778485462415
0.003125,4.742813982577314,2.265599487523013,0.0009996860250387485,0.000815877804663856
0.0015625,3.2812543064336728,1.5634727608125183,0.0002493987390757013,0.00020372915603772412
0.00078125,1.9605700198607408,0.9300998097476596,6.228366012361874e-05,5.090180871558658e-05
0.000390625,1.0756491878883052,0.5086313407040137,1.5562619252840193e-05,1.272161418386375e-05
