steplength,euler1,euler2,heun1,heun2
0.5,0.2718595058731114,0.2718595058731114,5.503613812774008,5.768336502743974
0.25,0.21897879015386534,0.21897879015386534,23.97083794737484,23.961967197964064
0.125,219.9744674739553,157.69834322357423,11.24897458065987,11.245984503570826
0.0625,153.94174048479468,120.4211408904702,3.0200384598759866,3.022129206311535
0.03125,99.58850671311617,92.18847085184714,0.7610345145659192,0.7616527065118163
0.015625,61.868224924976275,61.70590614615819,0.19051215748789882,0.1906121557349979
0.0078125,44.23688682986451,44.135488658776495,0.047639315705760084,0.04766239802728888
0.00390625,35.05501187388289,34.977505326450895,0.011910896380614957,0.011916261167973573
0.001953125,28.38312859238988,28.316456128159817,0.0029778399585202024,0.002979131339866722
