steplength,euler1,euler2,heun1,heun2
0.1,728.782917316358,536.4730450691388,18.405138906106114,14.053409418292846
0.05,599.4770899575655,430.84864463375595,2.574510634306033,1.9315723391082273
0.025,294.75437750751473,201.41440121215342,0.3370121731740936,0.2436781363996786
0.0125,161.23123894509473,92.80460552212948,0.02082705606944857,0.0192245405200121
0.00625,30.657014872267276,10.568622648295836,0.005548458039600135,0.004732733694065794
0.003125,4.246565083036572,1.2580098624521365,0.0008416045323991206,0.0006677625851893854
0.0015625,0.5403589767551216,0.7129107481850188,0.00011075852439046407,8.521974713803643e-05
0.00078125,0.06654424815209636,0.2320796924746035,1.4065161648924018e-05,1.066287282832333e-05
