steplength,euler1,euler2,heun1,heun2
0.1,0.3173148807269689,0.31678262401204604,0.07895699877792689,0.07896648155798584
0.05,0.3162045705351175,0.31563538726588714,0.01954184020819137,0.019552092723061232
0.025,0.3138133639633212,0.31323207161685596,0.004879068841004387,0.004881617986366841
0.0125,0.3089339231498967,0.30835104134967656,0.001219659505374993,0.0012202498481996005
0.00625,0.299126803774089,0.2985440585737414,0.00030492530344932556,0.00030506360421475446
0.003125,0.27949832781905676,0.27891618368186605,7.623335758468967e-05,7.626656691770269e-05
0.0015625,0.24155231858282372,0.24098083784181684,1.9058614079432997e-05,1.9066734453169425e-05
0.00078125,0.1822830462213923,0.1817788288491559,4.76468852661017e-06,4.766694974536419e-06
