steplength,euler1,euler2,heun1,heun2
0.1,930.7195191684987,863.9213242001628,9.55571663875979,8.745214200330933
0.05,901.9606390543779,858.5837160152755,0.9992643924594501,0.8919243390927488
0.025,621.4690371326258,592.1555542463835,0.10284589003662431,0.09933368703270706
0.0125,211.44579082344654,242.2401514047891,0.01873869987014623,0.01468780127055247
0.00625,34.610240198975546,50.56625793427124,0.003203850965936436,0.0027527981787882627
0.003125,4.636247442868136,9.513560572784893,0.00042672918334941273,0.00037839047864718367
0.0015625,0.5917756451548604,1.8965735014038017,5.3994707769400296e-05,4.857744789577012e-05
0.00078125,0.07501417269692334,0.40987185377524704,6.75848175829899e-06,6.1237374391343025e-06
