steplength,euler1,euler2,heun1,heun2
0.1,0.31676231592572773,0.31740945676890464,0.028308601158391872,0.028253631345154115
0.05,0.31578008832428295,0.31641480765971397,0.007058474786027166,0.0070446301188025855
0.025,0.3136684638238963,0.3143034586041348,0.0017639626045420902,0.0017603950374059723
0.0125,0.3093129715340761,0.30995393680154615,0.00044095351724727545,0.0004400413329507993
0.00625,0.30052401931498895,0.3011691491395354,0.00011023421586701235,0.00011000310721516806
0.003125,0.2829072755968697,0.2835551590138743,2.755799403495263e-05,2.7499802840691933e-05
0.0015625,0.24841277979891796,0.24905541419273192,6.889422499156318e-06,6.874820777759947e-06
0.00078125,0.19189258220425218,0.19247525736873816,1.7223456750437312e-06,1.7186884252195757e-06
