steplength,euler1,euler2,heun1,heun2
0.05,15.568084423668362,14.349774824358047,0.023829165563467924,0.004981446226270947
0.025,15.62010617923907,14.348492362600142,0.004547061569237343,6.167939572065961e-05
0.0125,15.63931112236735,14.340470926620936,0.0009523858009856667,0.00018560856863381048
0.00625,15.259606760523448,13.974548818510517,0.00021454080620486593,6.809710235700095e-05
0.003125,13.111612959912302,12.012080520660955,5.065900422884795e-05,1.9762273032242206e-05
0.0015625,9.331851710209822,8.564449130065512,1.2290744448861801e-05,5.284443229669478e-06
0.00078125,5.703054102114903,5.2427937139481795,3.025810498158421e-06,1.364197469655437e-06
0.000390625,3.172506107462965,2.919649765477745,7.505872741120356e-07,3.464402968944569e-07
