steplength,euler1,euler2,heun1,heun2
0.1,0.30855680546481495,0.3100909578377867,48.77171017576507,48.531503892199794
0.05,0.2957377941326871,0.2960430508149287,0.6331134820328815,0.6339399374313768
0.025,0.2712602920811175,0.2707757607912682,0.1927304116030421,0.19234317244624388
0.0125,0.2262510576480537,0.22537655402181908,0.047962254820504494,0.04791875189820486
0.00625,0.16309219938781705,0.16218611556972218,0.011963003146229645,0.011955961891633565
0.003125,0.10201753202890505,0.10133613484512864,0.0029896539136463132,0.0029880196847588835
0.0015625,0.057761502758259864,0.05733858164922322,0.0007473901543912208,0.0007469732350383836
0.00078125,0.030835976272026916,0.030599658422964582,0.00018684903139696307,0.0001867422842903394
