steplength,euler1,euler2,heun1,heun2
0.1,44.05988947115482,50.316024645513856,72.83752332493279,80.55766432255909
0.05,18.294784015171874,19.94655563413939,7.6472384155992685,8.671884399174639
0.025,5.696437609633072,6.296843297397823,0.927862085117403,1.0614103975665081
0.0125,1.6744928679218927,2.2127468346309094,0.1139163047277526,0.12647852784222768
0.00625,0.516186554058301,0.9472320651705217,0.013838886580395782,0.014429650936993561
0.003125,0.16604067253281807,0.5602436166051301,0.001770302811697988,0.002913694353494641
0.0015625,0.03309688797361421,0.1769965280384489,0.00034075311144121656,0.0002874589344831202
0.00078125,0.006595852400765878,0.04714636660480531,4.599289630324854e-05,2.6681944061413e-05
