steplength,euler1,euler2,heun1,heun2
0.1,1126.6572508399554,829.2694021926212,29.20712275850088,21.830692760098774
0.05,1067.660991465089,794.1856618755456,3.5014256911391928,2.548961027343213
0.025,788.4753747355096,560.8720908554029,0.3876963395209323,0.27910664574655064
0.0125,264.1708410653735,139.86029862974198,0.07461075119205152,0.05818549922912547
0.00625,39.70043766314406,12.269941940858118,0.009979170005365967,0.006876663116431911
0.003125,5.212636314346389,1.0685614347037826,0.0010969236704674312,0.000696060782600115
0.0015625,0.7171253498516563,0.5914436321795115,0.00012223382986809028,7.318095768928459e-05
0.00078125,0.10949857931858231,0.18993298989357893,1.4198976142631992e-05,8.19122882084189e-06
