steplength,euler1,euler2,heun1,heun2
0.1,0.3190558316278949,0.3183517048437309,0.07954585822832534,0.07964234161083171
0.05,0.31733968672740553,0.31665434385821695,0.01970100973044359,0.01971920326080973
0.025,0.3146283859009998,0.31395100398731535,0.0049187639718435315,0.004923260484355969
0.0125,0.30954557537293864,0.3088815916480634,0.0012294993103760408,0.001230679811116043
0.00625,0.29960230952932976,0.2989492724566975,0.0003073683866193967,0.00030767343577101693
0.003125,0.27988649818556066,0.2792413569795972,7.684164376996971e-05,7.691938102885807e-05
0.0015625,0.24188162434364652,0.24125192191634454,1.9210347689112284e-05,1.9229978566999925e-05
0.00078125,0.18254909661620136,0.1819942226585854,4.802577609945166e-06,4.807510998242148e-06
