steplength,euler1,euler2,heun1,heun2
0.05,8.920652440316031,8.745095388151844,0.3584634792524355,0.22902186327342378
0.025,8.37821064614715,8.392029280195224,0.09270020533766044,0.06023122961111227
0.0125,8.080022154182531,8.192976243131879,0.023569793064847744,0.015446320262398672
0.00625,7.540643557429654,7.730858061023643,0.005941880326357563,0.003910860174180186
0.003125,6.146659553213063,6.356695867801246,0.0014916380668665852,0.000983908723071636
0.0015625,4.21939934468222,4.377524945480639,0.00037367928450393606,0.0002467531299537029
0.00078125,2.529523449987199,2.625418973858924,9.351594833262311e-05,6.178537346812618e-05
0.000390625,1.3937699851842922,1.446247542990708,2.3390995316674434e-05,1.545848440898112e-05
