steplength,euler1,euler2,heun1,heun2
0.1,0.3014217025698702,0.30323856267060917,0.22292054450235077,0.22304780706060093
0.05,0.28535571954917016,0.2872837889203839,0.05456144568498825,0.05437175713392498
0.025,0.25385222750846853,0.25584992828308717,0.013581861039854839,0.013526481590799576
0.0125,0.2002469657423705,0.20213266161334004,0.0033933164498776533,0.0033794625521774255
0.00625,0.13567742220816262,0.13715549659635248,0.0008482401567670911,0.0008448358649512316
0.003125,0.08100449807733635,0.08196981851425594,0.00021205330768014097,0.00021121338881513707
0.0015625,0.04458015866832087,0.04513818779319952,5.3012484531435475e-05,5.2804170683412734e-05
0.00078125,0.02343025533076309,0.02373112935746454,1.3253007721488278e-05,1.32011532978316e-05
