steplength,euler1,euler2,heun1,heun2
0.05,0.4078447222591455,0.8461904620475155,0.0719081338173948,0.027354572941000188
0.025,0.3357051209457099,0.6304855912217,0.01747030466198085,0.0057913512565404
0.0125,0.2220457522484941,0.3963181895759291,0.004286688402155625,0.001289021320745709
0.00625,0.12878090836144657,0.2239451462132166,0.0010601428549243952,0.0003005449859478926
0.003125,0.069501117572981,0.1192756059016572,0.0002634952419886538,7.230326690610411e-05
0.0015625,0.03612328945795862,0.06158320420352448,6.56747037979244e-05,1.7714162785065213e-05
0.00078125,0.018417487668963783,0.031293772814663834,1.6393367669564896e-05,4.382860917973019e-06
0.000390625,0.009299338383892186,0.01577446337523747,4.09515179022879e-06,1.0899756237581215e-06
