steplength,euler1,euler2,heun1,heun2
0.1,41.00506833518786,38.23206308375806,4.915521357776406,4.666255561581824
0.05,15.01808686972409,15.51027322993081,0.6146121065868007,0.5459679254907615
0.025,4.000834375932249,3.7019421155614527,0.07694029433845301,0.08160539075039672
0.0125,1.246587234032823,1.1089158272095778,0.012213129841997034,0.010851577573084411
0.00625,0.28938079048510545,0.07994482688893789,0.0007168734004920907,0.0015297057074232095
0.003125,0.08158622850970243,0.021622763695023584,3.1377386291886467e-05,0.00014224750448454948
0.0015625,0.02245900433339476,0.008244136195305396,8.652177845513975e-06,1.3188027147781334e-05
0.00078125,0.005922219368729609,0.0023386829089852013,1.4545477988736621e-06,1.3266092767638682e-06
