steplength,euler1,euler2,heun1,heun2
0.05,1.6750755792762828,2.5385976912679484,0.009094604916475069,0.03271401808365315
0.025,1.6836670243033418,2.5788057118256185,0.0016945605347229442,0.0073081808942934146
0.0125,1.6438159414201832,2.5327536079228596,0.000344297433158669,0.001706531440970327
0.00625,1.4104628232068364,2.177537353746312,7.571383342752647e-05,0.00041079809817334834
0.003125,1.0016101885757394,1.5449812852953864,1.760560197339167e-05,0.00010067098463961699
0.0015625,0.6110836745847075,0.9412778612469512,4.23430494400634e-06,2.491107442459395e-05
0.00078125,0.3395972996811829,0.522562409122171,1.0375805974405239e-06,6.195489655524966e-06
0.000390625,0.17929090939529457,0.27572173340265005,2.567638994754873e-07,1.5448252912442229e-06
