steplength,euler1,euler2,heun1,heun2
0.1,100.33642838904248,162.78711179359803,2.740749694853266,4.461441706390138
0.05,73.9019909370089,112.0096604594036,0.34766204795335803,0.6068443862914624
0.025,25.43935928178379,31.888134358441732,0.05040481402362114,0.08458430131077559
0.0125,6.854508157796399,9.06355314287315,0.0035757353260938984,0.004909084444073564
0.00625,1.5704954412484833,1.111898655482793,0.00035240991587959236,0.000989468176977537
0.003125,0.21399833169909832,0.4105178899529236,8.079571116326179e-05,0.00017479650831231375
0.0015625,0.02283645211591745,0.16993723763022395,1.2075464130401059e-05,2.4294419173065407e-05
0.00078125,0.0017747976918387476,0.05119525173617556,1.6193477561099456e-06,3.1615271489648933e-06
