steplength,euler1,euler2,heun1,heun2
0.1,0.31540697907411325,0.314584327135628,0.0826456881019188,0.08290496962202068
0.05,0.3131392139423333,0.3122545606567325,0.020467244745743355,0.020533473321035757
0.025,0.3087211533788512,0.3078118925099137,0.005109766685139616,0.005126332496852148
0.0125,0.299957387355214,0.29904204028715775,0.0012771761322492572,0.0012813190797484305
0.00625,0.2824772415923668,0.28155975163439756,0.0003192766255943126,0.0003203120017955144
0.003125,0.24827228742531493,0.2473646271350003,7.981721687075891e-05,8.007591710512427e-05
0.0015625,0.1920729220988797,0.19125074855096308,1.9954048124977208e-05,2.001869496920063e-05
0.00078125,0.1276876238042558,0.1270656521937989,4.9884784116625885e-06,5.004635966730298e-06
