steplength,euler1,euler2,heun1,heun2
0.1,0.3176776144730623,0.31688808656869427,2359.5900122340317,2341.20052693826
0.05,0.31629328080870855,0.3156179456220494,0.7311305536481064,0.7316512308482195
0.025,0.3135911512832405,0.31296376530555076,0.27557101953059543,0.27524547697604385
0.0125,0.30820385490000207,0.307598423393,0.06926644308699931,0.06925182078862971
0.00625,0.2974833727320045,0.2968971556158784,0.017266243184902417,0.017268746980310962
0.003125,0.27609704076729336,0.2755249287859706,0.0043141413312867945,0.004315021197269691
0.0015625,0.2353342787662127,0.23478368068431818,0.0010784629803140481,0.0010786808965929991
0.00078125,0.17425605468448058,0.17378330511036216,0.000269615782021785,0.00026966793622824913
