steplength,euler1,euler2,heun1,heun2
0.1,321.82499235663323,295.06670716290256,614.4676360719413,585.6039570794713
0.05,285.9143478312979,252.70977266692853,61.01442185189324,57.15205886985191
0.025,173.1252401592812,151.707765694578,7.398806649002021,6.5556784468892895
0.0125,72.58472401797417,52.155224699794864,0.8524107569016619,0.7972843832850447
0.00625,27.039898437326467,13.952449282368997,0.09493098117015264,0.1054098706913994
0.003125,6.924256503578425,0.8616735470734886,0.020771524304823555,0.014858676340594089
0.0015625,1.3152663350131242,0.27991151496299177,0.0022768700212401627,0.0007968407115073739
0.00078125,0.27292808350176817,0.07833790850101363,0.00022120469112625954,2.8269099477729043e-05
