steplength,euler1,euler2,heun1,heun2
0.05,5.075688268040748,4.400581443376629,5.22060150373636,0.4797280520577383
0.025,4.858646907709754,4.639493134950644,0.7912197518342925,0.38433631042018845
0.0125,4.703632868098323,4.714030372878546,0.19189290066879927,0.0990276345013239
0.00625,4.400288031252707,4.517631612935075,0.050739999178023965,0.021878868350754033
0.003125,3.5557445342867027,3.6959866757120308,0.013237928880602823,0.004902380298860365
0.0015625,2.397428414346196,2.5085876313324773,0.003390913540007645,0.0011413805788453857
0.00078125,1.4150020973449609,1.485858664893505,0.0008586507995733683,0.0002739769095576605
0.000390625,0.7719279740470233,0.8120757488922568,0.00021607352254982004,6.702030902161482e-05
