steplength,euler1,euler2,heun1,heun2
0.5,0.26971252578236027,0.26971252578236027,18.539974758442646,18.435016787717217
0.25,0.20042720590863522,0.20042720590863522,14.963617954593126,14.917834304362685
0.125,65.5276370124713,66.01074084379596,4.283877299199357,4.288903962822095
0.0625,65.04863284449966,65.17211721447713,1.0895803678073372,1.0906875919013066
0.03125,63.98514088714868,64.07235477959861,0.27312082097311213,0.27342884443332893
0.015625,51.97994841725262,52.03623401138756,0.06832803683535747,0.0684065972466488
0.0078125,41.092777088766425,41.13119485648708,0.017086860801945047,0.017106780640828895
0.00390625,34.15168888601767,34.18295303942336,0.004272289085264437,0.00427731434933876
0.001953125,28.53651904517776,28.564389331014755,0.001068143567512981,0.0010694056498525971
