steplength,euler1,euler2,heun1,heun2
0.5,0.3079948692612545,0.30799486926125447,0.310928581685072,0.3439653328721005
0.25,24.044155055470114,21.14227446026839,0.6601117070137001,0.5809383028441317
0.125,30.258794286114007,27.775090155796185,2.5622329248906768,2.640278441327099
0.0625,29.751275710926013,28.867268976409264,15.597499905006034,15.554223229584853
0.03125,27.83047048531805,27.35869564573289,24.14913996906344,24.159695540305023
0.015625,24.083099483272203,23.84046358265332,7.320551369434869,7.304048526503728
0.0078125,18.2205864571225,18.079563976630624,1.8663590390022426,1.8621329160866582
0.00390625,11.867754874031883,11.789019843871415,0.4676375367337122,0.4665768863479711
0.001953125,6.897173928346122,6.854309901118035,0.11694485024426571,0.11668011108889888
