steplength,euler1,euler2,heun1,heun2
0.05,0.5028475374884508,1.3478047946408906,1.4560047549739286,1.7310886531364158
0.025,0.5357572776334154,0.9368672614318507,0.3848370819742236,0.37766781222789203
0.0125,0.4104058694344316,0.5607480371933852,0.09471685169165334,0.09494790967699185
0.00625,0.2582938998607782,0.3062040422188731,0.0232462299931262,0.0242315482532951
0.003125,0.14553038397146734,0.15969467290471973,0.00573746830780153,0.006141987066633936
0.0015625,0.07732690932766884,0.08148801953244722,0.0014236500077413616,0.0015471916711042866
0.00078125,0.03986766278293574,0.041151210735806854,0.00035447449560266353,0.0003883258071823992
0.000390625,0.02024322775019527,0.020676887992575277,8.84324822373328e-05,9.727629626765655e-05
