steplength,euler1,euler2,heun1,heun2
0.1,0.30633543286651427,0.30853259004358274,48.99910380876544,48.60970501267165
0.05,0.2933489167000818,0.293984163142992,0.6336846601434689,0.633135434371106
0.025,0.2688447389306919,0.2686550354725648,0.19284762040249762,0.19255506471522144
0.0125,0.22393026642170447,0.22336009395762754,0.048029366208710525,0.04792183125697339
0.00625,0.16115345876443501,0.16052320968810666,0.011980745960876393,0.011953614678963826
0.003125,0.10067296235079824,0.10019022264943003,0.002994114480863856,0.0029873348429723147
0.0015625,0.05695360244173383,0.05665170187400688,0.0007485035386654399,0.0007468086774066066
0.00078125,0.030390822191226224,0.03022153305264787,0.0001871268714436176,0.00018670314743149863
