steplength,euler1,euler2,heun1,heun2
0.1,74.25178316144266,84.88268212284953,134.14061411707016,143.09249880416175
0.05,26.522332971386284,29.745137054214982,14.16105764163253,15.05790675902517
0.025,6.406027150343224,8.182120410088672,1.791509943487914,1.7921997246959527
0.0125,1.6711881654017342,3.0711825453438375,0.23492125169511188,0.21138097049717858
0.00625,0.8871070594045641,1.6874468342174984,0.03205042640399866,0.023655904374238083
0.003125,0.36942268973828307,1.020890084319757,0.0015904312634298368,0.004852551562432066
0.0015625,0.11945437230724898,0.3297191821130008,0.00030539260242878896,0.0007145912700812253
0.00078125,0.03333170747772285,0.08935456348951504,5.605304274491907e-05,8.672452682095821e-05
