steplength,euler1,euler2,heun1,heun2
0.05,1.0619437734690345,0.9502917438962699,1.1586473837378413,0.16968681520914064
0.025,1.0095275058659532,0.9949084490734003,0.1830993550285679,0.06551480345035698
0.0125,0.973668544469699,1.0075941032011388,0.04450211375588309,0.017049993336585967
0.00625,0.9091172095796939,0.9641105902318394,0.011696534768999456,0.0036488224416719728
0.003125,0.7338989419880758,0.788163523585077,0.0030383755281627733,0.000791127520253454
0.0015625,0.4945609281818101,0.5347442903584128,0.0007764077282854664,0.0001798183836489997
0.00078125,0.2918154578687654,0.3166700019673815,0.00019635599023970496,4.253067070369987e-05
0.000390625,0.15917108018806614,0.17305381966430722,4.938005861032657e-05,1.0318475031301233e-05
