steplength,euler1,euler2,heun1,heun2
0.1,68.17778228318573,62.49004710993971,129.72031869198466,123.94976773423902
0.05,60.69740826916946,53.59437079458162,12.891262434638714,12.103747582749426
0.025,36.65479998470717,32.26671386019434,1.5722816917620817,1.3915879347554165
0.0125,15.38122222641997,11.195089982885547,0.18129549143043677,0.16789801208846744
0.00625,5.732891877713025,3.024321378533985,0.02012684020436773,0.02180840538795497
0.003125,1.4890085603998262,0.201992024617456,0.00439939200038646,0.003251970025195644
0.0015625,0.28125358733730166,0.07360596460026447,0.0004965532019929886,0.0001874142999144235
0.00078125,0.05774214994485227,0.021326763205609334,4.938383299257776e-05,6.875475590195634e-06
