steplength,euler1,euler2,heun1,heun2
0.05,25.804300337898795,16.28386341220378,0.5050252886201605,0.48666405712926064
0.025,24.333169232850686,14.874209754748023,0.12882567047851268,0.12335885032795346
0.0125,23.531918768179345,14.111954274031802,0.03251991574758506,0.03103996831618616
0.00625,21.830853710300275,12.731743878643492,0.008168500422520708,0.007784138673940788
0.003125,17.588102088448068,9.896588938603777,0.0020468925743841737,0.001948991931413957
0.0015625,12.058612390982148,6.652327161891193,0.0005123159032649482,0.0004876136445872703
0.00078125,7.261419663011232,3.9804515031593724,0.00012815287183087776,0.00012194886888039491
0.000390625,4.018303417110644,2.199662442524364,3.204744602669507e-05,3.0492885613853105e-05
