steplength,euler1,euler2,heun1,heun2
0.1,4463.029971250783,4141.431547859929,34.54446079571983,31.34554681576731
0.05,4126.919578600607,3756.5334129395633,4.698312577428368,4.41821677644888
0.025,1422.3812128028756,1533.2169443273197,0.7341399521257204,0.6794615627409466
0.0125,69.80399952751844,102.25335631397067,0.05376020444973431,0.05866747725109156
0.00625,19.731246803360673,27.837216583817355,0.0020564167417536083,0.002882790602169172
0.003125,3.3814730264942545,8.099634340992251,0.0002287082578983704,0.00010140299984495726
0.0015625,0.3547608878981329,1.871273061472764,5.135572895175258e-05,2.06398493534099e-05
0.00078125,0.027120802208728992,0.4297052930715448,7.817549137235924e-06,3.888826692666214e-06
