steplength,euler1,euler2,heun1,heun2
0.1,0.3216494459631003,0.32182413148025785,0.02806777402191016,0.028099570857876722
0.05,0.3186894419072372,0.3188929312540557,0.006998173827219515,0.007005942549586446
0.025,0.3155010969579957,0.31571520059551966,0.0017494564488447339,0.0017514615598952226
0.0125,0.31049018416633123,0.31071411312749964,0.00043743784796757484,0.0004379469594839387
0.00625,0.3012748590142731,0.3015083792157432,0.00010937172693539481,0.00010950025374228245
0.003125,0.28338033592678913,0.2836216187385052,2.734459306542522e-05,2.737688329134967e-05
0.0015625,0.24870288610680347,0.24894602478257977,6.836360888945041e-06,6.844454521521976e-06
0.00078125,0.19205471318320733,0.19227553744928286,1.7091171581375127e-06,1.7111432057757987e-06
