steplength,euler1,euler2,heun1,heun2
0.5,0.2934659599320095,0.2934659599320096,5.5050786852314,5.226284535923267
0.25,71.63654750001751,57.06615344644407,24.214877443569854,24.17571984394094
0.125,79.34120953123569,78.44349380959473,11.704986304673445,11.7333429870397
0.0625,69.00495198824906,68.55485658331204,3.159621445118449,3.1700154963117138
0.03125,50.83085978357135,50.58891852775487,0.7972743868428681,0.7999110590257412
0.015625,40.011673644860615,39.85164788313542,0.19951813342038774,0.20016880356755623
0.0078125,33.52642019531281,33.4037025183294,0.04988563105126477,0.05004743359470036
0.00390625,28.229864332274513,28.1242977615957,0.012471373428384964,0.01251181378584845
0.001953125,22.046719594662182,21.954297615418437,0.0031178154424514578,0.003127919796238511
