steplength,euler1,euler2,heun1,heun2
0.1,0.3180672011264721,0.31734682752647586,0.6906295663697244,0.6902373549189035
0.05,0.3168591926193936,0.31623840858637176,0.18898871842982973,0.18938087144039725
0.025,0.3147073783975929,0.3140815082460575,0.0467711168348623,0.04682253912693223
0.0125,0.3104597995273267,0.3098496175647469,0.011660962086257746,0.011671262944273035
0.00625,0.3020432537496696,0.301444834418717,0.0029140638556928032,0.0029165933364919006
0.003125,0.28527247317974963,0.2846828798039043,0.0007284765486063044,0.0007291216041849388
0.0015625,0.2523397682455023,0.2517605494767164,0.00018211732427183722,0.00018228127933073537
0.00078125,0.1971863324001217,0.19665880546425718,4.552915897118063e-05,4.557055178802054e-05
