steplength,euler1,euler2,heun1,heun2
0.1,73.3022208379062,62.64879343453511,18.513726171777762,16.250126971836124
0.05,68.55387227327748,56.893770471572445,2.2059933513560885,1.99541678718367
0.025,44.38700607574914,37.36630586308737,0.2888922312241325,0.23968433234763897
0.0125,21.12105353143905,16.423580331301565,0.03174061448270813,0.025785360614444773
0.00625,6.155813819084977,2.5144630123493235,0.005954034799464995,0.005281899509137589
0.003125,0.915263322790067,0.15537057208188448,0.0007587028805756818,0.0005132318682639081
0.0015625,0.13708194599147683,0.07004214778387119,7.899751114548437e-05,4.218522710042194e-05
0.00078125,0.023663444883366358,0.022839111081742636,8.430792928781905e-06,3.628498899121979e-06
