steplength,euler1,euler2,heun1,heun2
0.05,0.09713115210716466,0.4456216158980367,0.2733267068684839,0.21500681519311884
0.025,0.008926694613794214,0.3752321043316666,0.06797272094942575,0.05446287347420797
0.0125,0.035438012607976986,0.33886578448793114,0.01699273354365751,0.013855670350623128
0.00625,0.0594619923822929,0.3112884382468981,0.0042461449934508705,0.0034996168595235466
0.003125,0.06634406162302592,0.25939388392683405,0.0010609627265311672,0.0008795660238954395
0.0015625,0.05373888074521981,0.18274106006269125,0.00026514224524575025,0.00022048105318411837
0.00078125,0.03486976431583839,0.11148738807812478,6.62713604618198e-05,5.51941947039003e-05
0.000390625,0.019945852160081143,0.06204295865961926,1.656593933366257e-05,1.3807798933507254e-05
